{
  "swagger" : "2.0",
  "info" : {
    "title" : "ClientsAPI",
    "version" : "1.0.0",
    "description" : "ClientsAPI"
  },
  "paths" : {
    "/clients/{id}" : {
      "get" : {
        "operationId" : "getClient",
        "responses" : {
          "200" : {
            "description" : "The operation was successful.",
            "schema" : {
              "type" : "string"
            }
          }
        },
        "produces" : [ "application/json" ],
        "description" : "Retrieve client by id",
        "parameters" : [ {
          "required" : true,
          "name" : "id",
          "in" : "path",
          "type" : "string"
        } ]
      },
      "delete" : {
        "operationId" : "deleteClient",
        "responses" : {
          "200" : {
            "description" : "The operation was successful."
          }
        },
        "produces" : [ "application/json" ],
        "description" : "Remove client",
        "parameters" : [ {
          "required" : true,
          "name" : "id",
          "in" : "path",
          "type" : "string"
        } ]
      },
      "put" : {
        "operationId" : "putId",
        "responses" : {
          "200" : {
            "description" : "The operation was successful."
          }
        },
        "consumes" : [ "application/json" ],
        "produces" : [ "application/json" ],
        "description" : "Update id",
        "parameters" : [ {
          "required" : true,
          "name" : "id",
          "in" : "path",
          "type" : "string"
        }, {
          "name" : "body",
          "in" : "body",
          "schema" : {
            "type" : "string"
          },
          "description" : "The request body for the operation",
          "required" : true
        } ]
      }
    },
    "/clients" : {
      "post" : {
        "operationId" : "addClients",
        "responses" : {
          "200" : {
            "description" : "The operation was successful."
          }
        },
        "consumes" : [ "application/json" ],
        "produces" : [ "application/json" ],
        "description" : "Insert a clients",
        "parameters" : [ {
          "name" : "body",
          "in" : "body",
          "schema" : {
            "type" : "string"
          },
          "description" : "The request body for the operation",
          "required" : true
        } ]
      },
      "get" : {
        "operationId" : "getClients",
        "responses" : {
          "200" : {
            "description" : "The operation was successful.",
            "schema" : {
              "type" : "string"
            }
          }
        },
        "produces" : [ "application/json" ],
        "description" : "Retrieve clients"
      }
    }
  },
  "basePath" : "/bookstore"
}